Product ID;Product Position;Promotion;Product Category;Seasonal;Sales Volume;brand;sku;name;description;price;currency;scraped_at;terms;section;stock_remaining
185102;Aisle;No;Clothing;No;2823;Zara;272145190-250-2;BASIC PUFFER JACKET;Puffer jacket made of tear-resistant ripstop fabric. High collar and adjustable long sleeves with adhesive straps. Welt pockets at hip. Adjustable hem with side elastics. Front zip closure.;19.99;USD;2024-02-19T08:50:05.654618;jackets;MAN;507
188771;Aisle;No;Clothing;No;654;Zara;324052738-800-46;TUXEDO JACKET;Straight fit blazer. Pointed lapel collar and long sleeves with buttoned cuffs. Welt pockets at hip and interior pocket. Central back vent at hem. Front button closure.;169.0;USD;2024-02-19T08:50:06.590930;jackets;MAN;2306
180176;End-cap;Yes;Clothing;Yes;2220;Zara;335342680-800-44;SLIM FIT SUIT JACKET;Slim fit jacket. Notched lapel collar. Long sleeves with buttoned cuffs. Welt pocket at chest and flap pockets at hip. Interior pocket. Back vents. Front button closure.;129.0;USD;2024-02-19T08:50:07.301419;jackets;MAN;698
112917;Aisle;Yes;Clothing;Yes;1568;Zara;328303236-420-44;STRETCH SUIT JACKET;Slim fit jacket made of viscose blend fabric. Notched lapel collar. Long sleeves with buttoned cuffs. Welt pocket at chest and flap pockets at hip. Interior pocket. Back vents. Front button closure.;129.0;USD;2024-02-19T08:50:07.882922;jackets;MAN;1037
192936;End-cap;No;Clothing;Yes;2942;Zara;312368260-800-2;DOUBLE FACED JACKET;Jacket made of faux leather faux shearling with fleece interior. Tabbed lapel collar. Long sleeves. Zip pockets at hip. Front zip closure.;139.0;USD;2024-02-19T08:50:08.453847;jackets;MAN;388
117590;End-cap;No;Clothing;No;2968;Zara;320298385-807-2;CONTRASTING COLLAR JACKET;Relaxed fit jacket. Contrasting lapel collar and long sleeves with buttoned cuffs. Front pouch pockets. Interior pocket. Washed effect. Front zip closure.;79.9;USD;2024-02-19T08:50:09.140497;jackets;MAN;398
189118;Front of Store;Yes;Clothing;Yes;952;Zara;278112470-800-2;FAUX LEATHER PUFFER JACKET;Faux leather puffer jacket. High collar and long sleeves with ribbed interior cuffs. Welt pockets at hip. Interior pocket. Adjustable hem with side elastics. Front zip closure.;69.99;USD;2024-02-19T08:50:09.688951;jackets;MAN;1297
182157;Aisle;No;Clothing;No;2421;Zara;322972485-431-46;SUIT JACKET IN 100% LINEN;Straight fit blazer made of linen. Notched lapel collar and long sleeves with buttoned cuffs. Welt pocket at chest and flap pockets at hip. Interior pocket. Back vents. Front button closure.;159.0;USD;2024-02-19T08:50:10.200777;jackets;MAN;1071
141861;Aisle;Yes;Clothing;Yes;1916;Zara;313854165-401-46;100% WOOL SUIT JACKET;Jacket made of Italian wool. Pointed lapel collar and long sleeves with buttoned cuffs. Welt pocket at chest and flap pockets at hip. Interior pocket. Back vents. Front button closure.;169.0;USD;2024-02-19T08:50:10.880741;jackets;MAN;767
137121;Aisle;No;Clothing;Yes;656;Zara;312372602-800-2;100% FEATHER FILL PUFFER JACKET;Puffer jacket made of shiny finish technical fabric. Fill is a blend of 80% down and 20% feathers. High collar with adjustable hood and long sleeves with elastic cuffs. Welt pockets at hip and interior pocket. Adjustable hem with side elastics. Front zip closure.;169.0;USD;2024-02-19T08:50:11.380061;jackets;MAN;2141
113143;Aisle;Yes;Clothing;Yes;2663;Zara;316207900-710-2;HERRINGBONE TEXTURED JACKET;Jacket made of wool blend fabric. Lapel collar and long sleeves. Welt pockets at hip. Front zip closure.;129.0;USD;2024-02-19T08:50:12.011296;jackets;MAN;335
140028;Aisle;Yes;Clothing;Yes;1260;Zara;329186122-800-2;OVERSIZED CROPPED JACKET LIMITED EDITION;Oversized cropped jacket. Notched lapel collar and long sleeves with buttoned cuffs. Flap pockets at waist ad interior pocket. Front button closure.;159.0;USD;2024-02-19T08:50:12.510507;jackets;MAN;1094
134693;Aisle;Yes;Clothing;No;2124;Zara;311297791-800-2;LEATHER BIKER JACKET;Jacket with lapel collar and snap button details. Long sleeves with zip cuffs. Front zip pockets and interior pocket. Asymmetric front closure with metal zipper.;169.0;USD;2024-02-19T08:50:13.210501;jackets;MAN;792
151396;Front of Store;Yes;Clothing;Yes;729;Zara;323134418-800-3;CROPPED LEATHER JACKET;Leather jacket. Cropped length. Lapel collar and long sleeves. Front hidden in-seam pockets. Front zip closure.;439.0;USD;2024-02-19T08:50:13.771115;jackets;MAN;1478
132889;Aisle;Yes;Clothing;Yes;2265;Zara;311297555-706-2;FAUX LEATHER BOXY FIT JACKET;Boxy fit jacket. Lapel collar and long sleeves with buttoned cuffs. Welt pockets at hip. Front button closure.;99.9;USD;2024-02-19T08:50:14.252907;jackets;MAN;653
152174;End-cap;No;Clothing;No;2226;Zara;317012940-800-2;FAUX LEATHER JACKET;Jacket made of faux leather fabric. Lapel collar with snap button details. Long sleeves with zip cuffs. Front zip pockets at chest and hip. Interior pocket. Asymmetric front closure with metal zipper.;99.9;USD;2024-02-19T08:50:14.853868;jackets;MAN;1215
129906;Aisle;No;Clothing;No;2089;Zara;311292672-800-2;FAUX SUEDE BOMBER JACKET;Jacket made of faux suede fabric. Ribbed elastic high collar and long sleeve. Welt pockets at hip. Rib trim. Front zip closure.;69.9;USD;2024-02-19T08:50:15.386895;jackets;MAN;1087
195879;Front of Store;Yes;Clothing;Yes;2339;Zara;321496837-400-3;DENIM BOMBER JACKET;Jacket made of denim fabric with padded interior. Rib elastic collar and long sleeves. Welt pockets at hip and interior pocket. Elastic hem. All-over contrasting topstitching details. Front zip closure.;129.0;USD;2024-02-19T08:50:15.895051;jackets;MAN;781
155050;Aisle;No;Clothing;Yes;2321;Zara;316205038-615-2;BOUCLÉ TEXTURED JACKET;Cropped jacket made with wool blend fabric. High collar and long sleeves with elastic cuffs. Front patch pockets with flaps. Elastic hem. Front snap button closure.;129.0;USD;2024-02-19T08:50:16.580479;jackets;MAN;823
194410;End-cap;No;Clothing;No;669;Zara;322972473-052-46;SUIT JACKET IN 100% LINEN;Straight fit blazer made of linen. Notched lapel collar and long sleeves with buttoned cuffs. Flap pockets at hip. Interior pocket. Back vents. Front button closure.;159.0;USD;2024-02-19T08:50:17.153559;jackets;MAN;2500
141904;End-cap;Yes;Clothing;Yes;1712;Zara;313845662-400-3;JACQUARD DENIM JACKET;Lapel collar jacket with long sleeves with buttoned cuffs. Patch pockets with flaps at chest and side pockets at hip. Front hidden button closure.;109.0;USD;2024-02-19T08:50:17.639427;jackets;MAN;1048
124981;Front of Store;No;Clothing;Yes;1832;Zara;320264577-800-2;PADDED DENIM JACKET;Cropped jacket with lightly quilted interior. Lapel collar and long sleeves. Flap patch pockets at hip. Washed effect. Rib hems. Front zip closure.;89.9;USD;2024-02-19T08:50:18.264732;jackets;MAN;1187
161909;Aisle;Yes;Clothing;No;1290;Zara;315529534-705-3;LEATHER JACKET;Relaxed fit jacket in leather. Spread collar and long sleeves with slit cuffs with button closure. Patch pockets at hip. Back vents. Front button closure.;299.0;USD;2024-02-19T08:50:18.813979;jackets;MAN;1506
129152;End-cap;No;Clothing;No;2356;Zara;320423517-800-2;LIGHTWEIGHT BOMBER JACKET;Lightweight jacket made of technical fabric. Round neck and long sleeves. Welt pockets at hip. Interior pocket. Rib trim. Front zip closure.;49.9;USD;2024-02-19T08:50:19.405469;jackets;MAN;989
183243;Front of Store;Yes;Clothing;No;1524;Zara;328250627-251-46;SUIT JACKET;Straight fit jacket made of dense stretch fabric. Notched lapel collar and long sleeves with buttoned cuffs. Welt pocket at chest and flap pockets at hip. Interior pocket. Back vents. Front button closure.;169.0;USD;2024-02-19T08:50:19.899287;jackets;MAN;1131
198248;Front of Store;Yes;Clothing;No;1644;Zara;311309526-800-2;FAUX LEATHER BOMBER JACKET;Jacket made of faux leather fabric. High collar and long sleeves. Welt pockets at hip and interior pocket. Rib trim. Front zip closure.;69.9;USD;2024-02-19T08:50:20.387337;jackets;MAN;1132
191230;End-cap;No;Clothing;No;966;Zara;311287528-811-2;PATCH BOMBER JACKET;Varsity jacket made of faux suede fabric. Double welt pockets at hip and interior pocket. Front and back contrasting patch appliqués and embroidery. Rib trim. Front snap button closure.;89.9;USD;2024-02-19T08:50:20.940517;jackets;MAN;2244
187234;Front of Store;Yes;Clothing;Yes;2575;Zara;342657802-914-2;STRETCH POCKET OVERSHIRT;Overshirt made of stretchy fabric. Lapel collar and long sleeves with snap buttoned cuffs. Chest patch pockets. Front snap button closure.;59.9;USD;2024-02-19T08:50:21.681257;jackets;MAN;540
148888;Front of Store;No;Clothing;No;2774;Zara;316207898-712-2;RIB COLLAR JACKET;Jacket made of technical fabric with padded interior. Tonal elastic rib high collar. Long sleeves. Welt pockets at hip and interior pocket. Interior elastic finish. Front zip closure.;109.0;USD;2024-02-19T08:50:22.196513;jackets;MAN;634
110805;Front of Store;Yes;Clothing;No;2477;Zara;321496761-800-2;FAUX LEATHER OVERSIZED JACKET LIMITED EDITION;Oversized jacket. Notched lapel collar and long sleeves. Flap pockets at hip and interior pocket. Front button closure.;159.0;USD;2024-02-19T08:50:22.752699;jackets;MAN;599
179801;Front of Store;No;Clothing;Yes;2608;Zara;311307255-800-2;CONTRASTING PATCHES BOMBER JACKET;Varsity jacket with elastic collar and long sleeves. Welt pockets at hip and interior pocket. Embroidered appliqué and contrast front and back patches. Rib trim. Front snap button closure.;129.0;USD;2024-02-19T08:50:23.449176;jackets;MAN;625
134927;Aisle;Yes;Clothing;Yes;2252;Zara;317129011-500-2;PATCH BOMBER JACKET;Varsity jacket with padded interior. Rib elastic collar and long sleeves in contrast faux leather. Double welt pockets at hip and interior pocket. Contrasting patch appliqués at front and back. Rib trim. Front snap button closure.;129.0;USD;2024-02-19T08:50:23.929417;jackets;MAN;713
123150;End-cap;Yes;Clothing;No;2074;Zara;330274270-800-2;CROPPED BOMBER JACKET LIMITED EDITION;Jacket with lightly padded interior. Rib collar and long sleeves. Flap pockets at waist. Rib trim. Front asymmetric zip closure.;129.0;USD;2024-02-19T08:50:24.492261;jackets;MAN;829
159145;End-cap;Yes;Clothing;No;2579;Zara;311297855-800-2;FAUX LEATHER PUFFER JACKET;Faux leather jacket with padded interior. Lapel collar and long sleeves with snap buttoned cuffs. Welt pockets at hip and interior pocket. Elastic hem. Front zip hidden by a snap button flap.;109.0;USD;2024-02-19T08:50:25.084642;jackets;MAN;502
172364;Aisle;Yes;Clothing;No;2931;Zara;317782474-800-2;FAUX LEATHER BOMBER JACKET;Jacket made of faux leather fabric. Rib elastic collar and long sleeves. Zip pockets with flaps at hip. Interior pocket. Elastic hem. Front zip closure.;109.0;USD;2024-02-19T08:50:26.108791;jackets;MAN;425
178281;End-cap;No;Clothing;Yes;1145;Zara;315758723-401-2;BOMBER JACKET;Varsity jacket. High collar and long sleeves. Welt pockets at hip and interior pocket. Rib trim. Front snap button closure.;109.0;USD;2024-02-19T08:50:27.368815;jackets;MAN;1621
194339;End-cap;No;Clothing;No;1792;Zara;311302863-800-2;FAUX SUEDE JACKET;Lapel collar jacket with long sleeves with buttoned cuffs. Flap pockets at chest and welt pockets at hip. Front button closure.;89.9;USD;2024-02-19T08:50:28.013766;jackets;MAN;1509
174412;Aisle;No;Clothing;Yes;1796;Zara;311282759-806-2;FAUX SUEDE BOMBER JACKET;Jacket made of faux suede fabric. Rib elastic collar and long sleeves. Welt pockets at hip. Rib trim. Front zip closure.;69.9;USD;2024-02-19T08:50:28.575851;jackets;MAN;1278
114877;Aisle;No;Clothing;No;1860;Zara;323134415-700-3;SUEDE JACKET;Jacket made of suede. Cropped length. Lapel collar and long sleeves. Front hidden in-seam pockets. Front zip closure.;349.0;USD;2024-02-19T08:50:29.497634;jackets;MAN;1404
140727;End-cap;Yes;Clothing;Yes;1002;Zara;312372582-526-2;CONTRASTING COLLAR JACKET;Jacket with lightly padded interior. Contrasting lapel collar. Long sleeves with buttoned cuffs. Washed effect. Double welt pockets at chest and hip. Front zip closure.;79.9;USD;2024-02-19T08:50:30.899896;jackets;MAN;1241
133109;Front of Store;No;Clothing;Yes;2063;Zara;321143726-712-2;TEXTURED JACKET;Jacket made of textured fabric. Lapel collar and long sleeves with buttoned cuffs. Patch pockets at chest and hidden pockets at hip. Side vents at hem. Front button closure.;79.9;USD;2024-02-19T08:50:31.435371;jackets;MAN;1144
127296;Aisle;No;Clothing;No;1165;Zara;320220949-507-2;CROPPED TEXTURED JACKET;Jacket made of dense cotton fabric cut on the bias. Lapel collar and long sleeves with buttoned cuffs. Welt pockets at hip and interior pocket. Cropped length. Front zip closure.;89.9;USD;2024-02-19T08:50:32.016086;jackets;MAN;2133
133757;Aisle;Yes;Clothing;No;2071;Zara;312664937-514-2;POCKET PUFFER JACKET;Quilted jacket made of technical fabric. High collar and long sleeves. Flap pocket at chest and hidden in-seam pockets at side hip. Interior pocket. Interior elastic hem. Cropped length. Front zip closure.;129.0;USD;2024-02-19T08:50:32.531017;jackets;MAN;842
111760;End-cap;No;Clothing;No;1474;Zara;321143723-401-2;TECHNICAL JACKET WITH POCKETS;Jacket made of technical fabric with quilted interior. Lapel collar and long sleeves. Flap patch pockets at hip. Rib trim. Front button closure.;109.0;USD;2024-02-19T08:50:33.138517;jackets;MAN;1790
198375;End-cap;No;Clothing;No;2202;Zara;311297763-800-2;FAUX LEATHER JACKET;Jacket made of faux leather fabric. Lapel collar and long sleeves with snap buttoned cuffs. Welt pockets at hip. Front snap button closure.;69.9;USD;2024-02-19T08:50:33.724614;jackets;MAN;1018
168837;Aisle;No;Clothing;No;665;Zara;311292194-731-2;FAUX SUEDE JACKET;Lapel collar jacket with long sleeves with buttoned cuffs. Flap pockets at chest and welt pockets at hip. Front button closure.;89.9;USD;2024-02-19T08:50:34.380743;jackets;MAN;2500
138505;Front of Store;No;Clothing;No;2478;Zara;335663355-406-2;RIPPED DENIM JACKET;Denim jacket with lapel collar and long sleeves with buttoned cuffs. Flap pockets at chest and welt pockets at hip. All over washed effect and rips. Front button closure.;69.9;USD;2024-02-19T08:50:35.011352;jackets;MAN;893
116228;End-cap;Yes;Clothing;No;647;Zara;312363708-800-2;TEXTURED POCKET JACKET;Jacket with lightly padded interior. Lapel collar and long sleeves with buttoned cuffs. Flap pockets at chest and welt pockets at hip. Front button closure.;89.9;USD;2024-02-19T08:50:35.534355;jackets;MAN;1872
167592;Front of Store;Yes;Clothing;No;707;Zara;312320664-251-2;FAUX SUEDE PATCH JACKET;Varsity jacket made of faux suede fabric. Lapel collar and long sleeves. Double welt pockets at hip and interior pocket. Front contrasting patch appliqués and embroidery. Rib trim. Front snap button closure.;89.9;USD;2024-02-19T08:50:36.278549;jackets;MAN;1944
133100;End-cap;Yes;Clothing;No;2729;Zara;311302445-445-97;PUFFER JACKET WITH POUCH POCKET;Jacket made of technical fabric with padded interior. High collar with front zip closure and long sleeves with elastic strap cuffs. Front and back contrast embroidered text. Zip pockets at hip. Adjustable elastic strap at hem with side zippers and strap.;89.9;USD;2024-02-19T08:50:37.262777;jackets;MAN;458
119955;Front of Store;No;Clothing;No;1590;Zara;323216370-422-97;BOMBER JACKET;Boxy bomber jacket. Rib elastic collar and long sleeves. Welt pockets at hip. Elasticized trim. Front zip closure.;89.9;USD;2024-02-19T08:50:37.977065;jackets;MAN;1533
189349;End-cap;Yes;Clothing;No;1245;Zara;317107014-707-2;TEXTURED WEAVE OVERSHIRT;Relaxed fit overshirt. Lapel collar and long sleeves with buttoned cuffs. Side hidden in-seam pockets. Front button closure.;89.9;USD;2024-02-19T08:50:38.675293;jackets;MAN;1328
127478;Front of Store;No;Clothing;Yes;2498;Zara;328594167-800-46;STRAIGHT SUIT JACKET;Straight fit blazer. Notched lapel collar and long sleeves with buttoned cuffs. Flap pockets at hip. Interior pocket. Central back vent at hem. Front button closure.;129.0;USD;2024-02-19T08:50:39.146924;jackets;MAN;710
180661;Front of Store;No;Clothing;Yes;1041;Zara;311309598-711-2;HOODED QUILTED JACKET;Puffer jacket with high collar and adjustable hood. Long sleeves with interior rib cuffs. Welt pockets at hip and interior pocket. Adjustable hem with side elastics. Front zip hidden by a snap button flap.;129.0;USD;2024-02-19T08:50:39.688602;jackets;MAN;1795
186681;End-cap;No;Clothing;Yes;1717;Zara;267133943-711-2;LIGHTWEIGHT PUFFER JACKET;Padded jacket made of technical fabric. High collar and long sleeves. Welt pockets at hip. Elasticized trim. Front zip closure.;19.99;USD;2024-02-19T08:50:40.213708;jackets;MAN;1199
133183;Front of Store;Yes;Clothing;Yes;2859;Zara;318265017-401-2;COTTON BLEND BOMBER JACKET;Jacket made of cotton blend fabric. High collar and long sleeves. Welt pockets at hip. Rib trim. Cropped length. Front zip closure.;89.9;USD;2024-02-19T08:50:40.898654;jackets;MAN;331
173508;Aisle;Yes;Clothing;No;1658;Zara;322410604-401-2;POCKET JACKET;Jacket made of dense technical fabric. Lapel collar and long sleeves with buttoned cuffs. Multi-functional front pockets. Front zip hidden by a snap button flap.;129.0;USD;2024-02-19T08:50:41.427891;jackets;MAN;1093
187930;End-cap;No;Clothing;Yes;706;Zara;324149982-982-2;OVERSIZED BOMBER JACKET;Oversized jacket made of technical fabric. High collar and long sleeves with pocket detail. Welt pockets at hip and interior pocket. Rib trim. Adjustable asymmetric hem with side zippers. Front zip closure.;89.9;USD;2024-02-19T08:50:41.944116;jackets;MAN;2083
124088;End-cap;Yes;Clothing;Yes;2065;Zara;320531693-707-2;EMBROIDERED PATCH JACKET;Roomy jacket made of lightweight fabric. Lapel collar and long sleeves with elastic cuffs. Contrasting patch appliqués with embroidery at front and back. Front pouch pocket. Elastic hem. Front zip closure.;79.9;USD;2024-02-19T08:50:42.629521;jackets;MAN;785
190238;Front of Store;No;Clothing;Yes;1917;Zara;328279967-409-3;ACID WASH DENIM JACKET;Jacket made of cotton denim. Lapel collar and long sleeves with buttoned cuffs. Patch pockets at chest and side pockets at hip. Washed effect. Front zip closure.;89.9;USD;2024-02-19T08:50:43.067567;jackets;MAN;1246
151925;End-cap;Yes;Clothing;Yes;2179;Zara;320774184-800-97;VINTAGE EFFECT LEATHER BOMBER JACKET;;299.0;USD;2024-02-19T08:50:43.543555;jackets;MAN;767
163234;Front of Store;No;Clothing;No;1633;Zara;322972491-800-2;TEXTURED DENIM JACKET LIMITED EDITION;Lapel collar jacket with long sleeves with buttoned cuffs. Flap pockets at chest and welt pockets at hip. All over washed and uneven textured effect. Front button closure.;89.9;USD;2024-02-19T08:50:44.126726;jackets;MAN;1544
135610;Aisle;Yes;Clothing;Yes;1513;Zara;321501682-800-2;WOOL BLEND JACKET;Jacket made of wool blend fabric. Lapel collar and long sleeves. Welt pockets at hip and interior pocket. Rib trim. Front zip closure.;109.0;USD;2024-02-19T08:50:45.034237;jackets;MAN;1130
117065;Aisle;Yes;Clothing;Yes;758;Zara;328616906-712-2;COTTON - LINEN BLEND JACKET;Jacket made of cotton and linen blend fabric. Lapel collar and long sleeves with buttoned cuffs. Patch pocket at chest and side pockets at hip. Elastic hem. Front zip closure.;109.0;USD;2024-02-19T08:50:45.809524;jackets;MAN;1532
149315;End-cap;Yes;Clothing;No;718;Zara;311292541-802-2;FLEECE BOMBER JACKET;Jacket made of faux shearling fabric. Rib elastic collar and long sleeves. Welt pockets at hip and interior pocket. Rib trim. Front zip closure.;109.0;USD;2024-02-19T08:50:46.259361;jackets;MAN;1748
149510;Aisle;No;Clothing;Yes;1412;Zara;319205114-807-2;ZIPPERED JACKET;Lapel collar jacket with long sleeves. Front pouch pockets. Front zip closure.;59.9;USD;2024-02-19T08:50:47.254145;jackets;MAN;1515
137990;Aisle;No;Clothing;No;2929;Zara;276213846-500-2;COTTON JACKET;Lapel collar jacket with long sleeves with elastic cuffs. Patch pockets at hip. Elastic hem. Front snap button closure.;29.99;USD;2024-02-19T08:50:49.940814;jackets;MAN;396
154016;End-cap;Yes;Clothing;Yes;2366;Zara;328244979-064-48;WOOL BLEND TEXTURED JACKET;Jacket made of wool blend fabric. Pointed lapel collar and long sleeves with buttoned cuffs. Welt pockets at chest and flap pockets at hip. Interior pocket. Back vents. Front double breasted button closure.;189.0;USD;2024-02-19T08:50:48.692260;jackets;MAN;566
117751;Aisle;No;Clothing;No;2749;Zara;323050745-798-97;CONTRAST JACQUARD JACKET;Full cut jacket with lapel collar and long sleeves. Front button closure.;89.9;USD;2024-02-19T08:50:51.200272;jackets;MAN;786
182362;Front of Store;No;Clothing;No;2019;Zara;319166635-401-2;CROPPED OVERSHIRT;Cropped overshirt made of contrast double faced fabric. Lapel collar and long sleeves with buttoned cuffs. Chest patch pocket. Adjustable hem with side elastics. Front button closure partially hidden by a flap.;69.9;USD;2024-02-19T08:50:51.711859;jackets;MAN;1258
117725;Aisle;No;Clothing;Yes;1506;Zara;311297489-800-2;CONTRASTING PATCHES HOODED JACKET;Varsity jacket with stretchy collar and contrasting hood. Long sleeves. Welt pockets at hip and interior pocket. Embroidered appliqué and contrast front and back patches. Rib trim. Front snap button closure.;109.0;USD;2024-02-19T08:50:52.206404;jackets;MAN;1394
145289;End-cap;No;Clothing;No;1012;Zara;311292073-709-2;UTILITY POCKET JACKET;Cropped jacket. Lapel collar and long sleeves. Front utility pockets with zip closure. Washed effect. Elastic hem. Adjustable hem with side elastics. Front zip closure.;109.0;USD;2024-02-19T08:50:52.732112;jackets;MAN;2225
173576;End-cap;Yes;Clothing;No;1838;Zara;336378923-700-2;;;129.0;USD;2024-02-19T08:50:54.476057;jackets;MAN;1121
175059;Aisle;Yes;Clothing;No;2170;Zara;311292572-401-2;LIGHTWEIGHT BOMBER JACKET;Lightweight jacket made of technical fabric. Round neck and long sleeves. Welt pockets at hip. Interior pocket. Rib trim. Front zip closure.;49.9;USD;2024-02-19T08:50:54.927480;jackets;MAN;854
199368;Front of Store;No;Clothing;Yes;1061;Zara;336821611-706-2;WOOL BLEND JACKET;Lapel collar jacket with long sleeves with buttoned cuffs. Chest patch pockets and welt pockets at hip. Front button closure.;139.0;USD;2024-02-19T08:50:55.455689;jackets;MAN;1918
162883;Front of Store;Yes;Clothing;No;786;Zara;311307584-518-2;TECHNICAL PADDED JACKET;Jacket made of technical fabric with padded interior. High collar with foldable interior hood. Long sleeves with interior rib cuffs. Front pockets with hidden zip closure and interior pocket detail. Adjustable hem with side elastics. Front zip hidden by a snap button flap.;139.0;USD;2024-02-19T08:50:55.898064;jackets;MAN;1710
135490;Front of Store;No;Clothing;No;1094;Zara;321151893-609-2;MIXED COLLAR WAXED JACKET;Jacket made of waxed finish fabric with lightly padded interior. Contrast fabric lapel collar. Long sleeves. Patch pockets at hip. Interior pocket. Slightly cropped length. Front hidden zip and button closure.;139.0;USD;2024-02-19T08:50:56.349784;jackets;MAN;2086
125408;End-cap;Yes;Clothing;Yes;2220;Zara;311297509-800-2;CONTRASTING PATCHES BOMBER JACKET;Varsity jacket with elastic collar and long sleeves. Welt pockets at hip and interior pocket. Embroidered appliqué and contrast front and back patches. Rib trim. Front snap button closure.;89.9;USD;2024-02-19T08:50:56.784017;jackets;MAN;586
134763;Front of Store;No;Clothing;Yes;2048;Zara;315947178-800-2;PADDED BOMBER JACKET;Quilted jacket made of technical fabric. Lapel collar and long sleeves. Welt pockets at hip. Rib trim. Front zip closure.;89.9;USD;2024-02-19T08:50:57.586300;jackets;MAN;1037
143231;Aisle;No;Clothing;No;2578;Zara;311297745-800-2;TECHNICAL PADDED JACKET;Jacket made of technical fabric with padded interior. Lapel collar and long sleeves with elastic cuffs. Welt pockets at hip and interior pocket. Adjustable drawstring hem. Front snap button closure.;89.9;USD;2024-02-19T08:50:58.065096;jackets;MAN;674
125409;End-cap;Yes;Clothing;No;2040;Zara;330290360-427-3;POCKET DENIM JACKET;Slightly cropped denim jacket. Lapel collar and long sleeves with buttoned cuffs. Flap patch pocket at chest and side hip. Washed effect. Front button closure.;89.9;USD;2024-02-19T08:50:58.577931;jackets;MAN;960
183074;Aisle;No;Clothing;No;2791;Zara;320449897-427-2;BOXY FIT DENIM JACKET;Boxy fit jacket. Lapel collar and long sleeves with buttoned cuffs. Patch pockets at hip. Washed effect.Asymmetric hem with side vents. Front button closure.;89.9;USD;2024-02-19T08:50:59.005564;jackets;MAN;682
147947;Aisle;Yes;Clothing;Yes;1249;Zara;311297724-700-97;FAUX SHEARLING PLAID JACKET;Jacket made of faux shearling fabric. V-neckline and long sleeves with elastic cuffs. Lined interior with structured mesh fabric. Welt pockets at hip. Adjustable hem with side elastics. Front snap button closure.;89.9;USD;2024-02-19T08:50:59.512967;jackets;MAN;1222
174171;Front of Store;Yes;Clothing;Yes;2273;Zara;328332050-700-97;EMBROIDERED FOREST JACKET;Jacket with lightly padded interior. Corduroy lapel collar. Long sleeves. Patch pockets at hip. Front button closure.;89.9;USD;2024-02-19T08:50:59.919169;jackets;MAN;563
183064;Front of Store;Yes;Clothing;No;1773;Zara;311282469-505-2;POCKET OVERSHIRT;Cropped overshirt. Lapel collar and long sleeves with buttoned cuffs. Front patch pockets. Irregular finished seams. Front button closure.;89.9;USD;2024-02-19T08:51:00.445955;jackets;MAN;1077
177131;Aisle;Yes;Clothing;Yes;1733;Zara;319502128-515-2;BOUCLE TEXTURED VEST;Vest made of viscose and wool blend fabric. V-neckline. Patch pockets at hip. Front zip closure.;69.9;USD;2024-02-19T08:51:00.909778;jackets;MAN;1112
128179;End-cap;Yes;Clothing;No;2060;Zara;311287226-472-2;COLOR BLOCK PUFFER JACKET;Jacket made of technical fabric with padded interior. High collar and long sleeves with elastic cuffs. Front pockets with hidden zip closure. Elastic hem. Front zip closure.;89.9;USD;2024-02-19T08:51:03.376537;jackets;MAN;947
152723;Aisle;No;Clothing;Yes;2849;Zara;316683359-818-2;LONGLINE QUILTED JACKET;Parka made of technical fabric with padded interior. High collar with removable hood. Long sleeves with interior elastic cuffs. Welt pockets at chest and flap pockets at hip. Interior pocket. Adjustable interior waistband with drawstring. Adjustable hem with side elastics. Front zip hidden by a snap button flap.;169.0;USD;2024-02-19T08:51:03.976837;jackets;MAN;449
123824;Aisle;Yes;Clothing;No;2277;Zara;322901350-800-46;WOOL BLEND SUIT JACKET;Straight fit jacket made of wool blend fabric. Notched lapel collar and long sleeves with buttoned cuffs. Welt pockets at chest and flap pockets at hip. Interior pocket. Central vent at back hem. Front button closure.;169.0;USD;2024-02-19T08:51:04.381493;jackets;MAN;903
166345;Aisle;No;Clothing;Yes;1135;Zara;322929313-802-97;HOODED KNIT CARDIGAN;Cotton knit jacket. Hooded collar and long sleeves. Rib trim. Front pouch pockets. Rib trim. Front zip closure.;69.9;USD;2024-02-19T08:51:04.832708;jackets;MAN;1781
199279;Aisle;No;Clothing;No;1770;Zara;267186163-643-2;HOODED TECHNICAL JACKET;Jacket made of technical fabric with brushed interior. High collar with adjustable hood. Long sleeves with cuffs and adhesive straps. Zip pockets at chest and hip. Front zip closure.;19.99;USD;2024-02-19T08:51:05.301146;jackets;MAN;1579
167981;End-cap;No;Clothing;No;730;Zara;329706743-401-46;HOUNDSTOOTH SUIT JACKET;Straight fit blazer. Notched lapel collar and long sleeves with buttoned cuffs. Welt pocket at chest and flap pockets at hip. Interior pocket. Back vents. Front button closure.;139.0;USD;2024-02-19T08:51:05.729975;jackets;MAN;2302
146839;Aisle;No;Clothing;No;1525;Zara;321496813-710-2;BOMBER JACKET;Jacket with padded interior. Rib elastic collar and long sleeves. Flap pockets at hip and interior pocket. Rib trim. Front zip closure.;109.0;USD;2024-02-19T08:51:06.241653;jackets;MAN;1688
187180;Front of Store;No;Clothing;Yes;647;Zara;312596416-800-2;HOODED TECHNICAL JACKET;Cropped jacket made of technical fabric. Hooded high collar and long sleeves with adjustable snap button cuffs. Front patch pockets with flaps at hips. Adjustable hem with side elastics. Front zip hidden by a snap button flap.;109.0;USD;2024-02-19T08:51:06.707251;jackets;MAN;2003
167640;End-cap;Yes;Clothing;Yes;1017;Zara;311287132-251-2;HOODED TECHNICAL JACKET;Jacket made of technical fabric. High collar with adjustable drawstring hood. Long sleeves with rib cuffs. Chest welt pocket and hip patch pockets. Interior pocket. Adjustable hem with elastics at sides. Front zip hidden by a snap button flap.;109.0;USD;2024-02-19T08:51:07.123755;jackets;MAN;1336
165158;Front of Store;No;Clothing;No;1622;Zara;323675323-700-2;WASHED EFFECT BOMBER JACKET;Jacket made of technical fabric. Lapel collar and long sleeves with pocket detail. Welt pockets at hip and interior pocket. Washed effect. Elasticized trim. Front zip hidden by a snap button flap.;109.0;USD;2024-02-19T08:51:07.574182;jackets;MAN;1758
111521;Front of Store;Yes;Clothing;Yes;2553;Zara;323672371-507-2;WASHED TECHNICAL JACKET;Jacket made of technical fabric. High collar and long sleeves with adjustable cuffs with snap button straps. Flap patch pockets at hip. Adjustable drawstring hem. Washed effect. Front zip hidden by a snap button flap.;99.9;USD;2024-02-19T08:51:08.034717;jackets;MAN;652
120228;End-cap;No;Clothing;No;2347;Zara;327116625-505-2;100% FEATHER FILL PUFFER JACKET;Puffer vest made of technical fabric. Fill is a blend of 60% down and 40% feather. Sleeveless design with high collar. Zip pockets at hip and interior pocket. Adjustable hem with side elastics. Front snap button closure.;89.9;USD;2024-02-19T08:51:09.075286;jackets;MAN;989
133078;Aisle;No;Clothing;Yes;2535;Zara;311302424-409-2;PADDED BOMBER JACKET;Jacket made of technical fabric with lightly padded interior. Rib elastic collar and long sleeves. Zip pockets at hip. Elastic hem. Front zip closure.;69.9;USD;2024-02-19T08:51:09.691591;jackets;MAN;867
137598;Aisle;No;Clothing;Yes;2839;Zara;329158644-605-2;POCKET JACKET;Regular fit jacket with lapel collar and long sleeves. Patch pockets at chest and hip. Front button closure.;139.0;USD;2024-02-19T08:51:16.093596;jackets;MAN;567
138779;Front of Store;Yes;Clothing;Yes;2801;Zara;329300083-705-48;SLIM FIT SUIT JACKET;Slim fit jacket made of viscose blend fabric. Notched lapel collar. Long sleeves with buttoned cuffs. Welt pocket at chest and flap pockets at hip. Interior pocket. Back vents. Front button closure.;139.0;USD;2024-02-19T08:51:16.538826;jackets;MAN;542
198329;Front of Store;Yes;Clothing;Yes;628;Zara;323212374-510-2;MIXED COLLAR JACKET;Jacket made of technical fabric with lightly padded interior. Rib high collar. Long sleeves with elastic cuffs. Patch pockets at hip. Front zip closure.;109.0;USD;2024-02-19T08:51:16.995121;jackets;MAN;1625
110295;End-cap;Yes;Clothing;No;1448;Zara;322547863-811-2;HOODED DENIM JACKET;Boxy fit jacket. High collar with adjustable hood and long sleeves with buttoned cuffs. Patch pockets with flaps at chest. Front straps with multi-functional ring. Washed effect. Front hidden zip and snap button closure.;129.0;USD;2024-02-19T08:51:17.402321;jackets;MAN;1361
196427;Aisle;Yes;Clothing;No;1401;Zara;320600266-745-2;WAXED EFFECT PLAID JACKET;Cropped jacket made of cotton with waxed finish. Lapel collar and long adjustable cuffed sleeves. Welt pockets at hip and interior pocket. Adjustable front drawcord hem. Front zip closure.;169.0;USD;2024-02-19T08:51:17.903438;jackets;MAN;1318
110075;Front of Store;Yes;Clothing;Yes;2185;Zara;320771732-800-2;WOOL BLEND FELT TEXTURE JACKET;Cropped jacket made with wool blend fabric. Lapel collar and long sleeves. Welt pockets at hip. Front hidden button closure.;159.0;USD;2024-02-19T08:51:18.383516;jackets;MAN;647
132322;Front of Store;Yes;Clothing;No;2135;Zara;289179723-020-2;PRINTED DENIM OVERSHIRT;Boxy fit overshirt. Lapel collar and short sleeves. Front snap button closure.;12.99;USD;2024-02-19T08:51:30.601748;jackets;MAN;998
199631;Front of Store;Yes;Clothing;No;1269;Zara;327747299-800-2;STRUCTURED TWILL OVERSHIRT;Regular fit overshirt made of 22% wool fabric. Lapel collar and long sleeves with buttoned cuffs. Patch pocket at chest and side pockets at hip. Side vents at hem. Front button closure.;89.9;USD;2024-02-19T08:51:31.586576;jackets;MAN;1542
182306;Front of Store;No;Clothing;No;2805;Zara;317782501-701-2;COTTON OVERSHIRT;Relaxed fit overshirt made with cotton fabric. Lapel collar and long sleeves with buttoned cuffs. Flap patch pockets at chest and side hip pockets. Front button closure.;89.9;USD;2024-02-19T08:51:32.152112;jackets;MAN;511
194915;Aisle;Yes;Clothing;No;1796;Zara;311282298-099-2;REVERSIBLE PLAID OVERSHIRT;Relaxed fit reversible overshirt. Italian collar and long sleeves with buttoned cuffs. Chest patch pocket. Front button closure.;79.9;USD;2024-02-19T08:51:32.570179;jackets;MAN;978
131298;End-cap;Yes;Clothing;No;2133;Zara;322612356-505-2;PLAID OVERSHIRT;Relaxed fit overshirt made with cotton fabric. Lapel collar and long sleeves with buttoned cuffs. Patch pockets at hip. Washed effect. Front button closure.;69.9;USD;2024-02-19T08:51:33.175357;jackets;MAN;795
168571;Aisle;No;Clothing;No;1778;Zara;311282631-712-2;POCKET OVERSHIRT;Relaxed fit overshirt. Lapel collar and long sleeves with adjustable button cuffs. Welt pockets at hip. Front zip hidden by a snap button flap.;89.9;USD;2024-02-19T08:51:33.607793;jackets;MAN;1416
154224;End-cap;Yes;Clothing;No;2474;Zara;329282612-401-2;100% LINEN OVERSHIRT;Relaxed fit overshirt made of linen fabric. Lapel collar and long sleeves with buttoned cuffs. Chest patch pockets. Front button closure.;89.9;USD;2024-02-19T08:51:34.039876;jackets;MAN;603
171061;Aisle;No;Clothing;Yes;2032;Zara;320026789-714-2;PLAID OVERSHIRT;Relaxed fit overshirt made of viscose blend fabric. Lapel collar and long sleeves with buttoned cuffs. Chest patch pocket. Front button closure.;59.9;USD;2024-02-19T08:51:34.443542;jackets;MAN;1147
119049;Aisle;No;Clothing;Yes;1659;Zara;323216360-406-2;POCKET DENIM OVERSHIRT;Boxy fit overshirt. Lapel collar and long sleeves with buttoned cuffs. Chest patch pockets. Washed effect. Front button closure.;89.9;USD;2024-02-19T08:51:35.399786;jackets;MAN;1232
158781;End-cap;Yes;Clothing;Yes;2443;Zara;318209963-800-2;FAUX SUEDE OVERSHIRT;Relaxed fit overshirt. Lapel collar and long sleeves. Chest patch pocket. Front snap button closure.;69.9;USD;2024-02-19T08:51:35.881086;jackets;MAN;635
151438;Aisle;No;Clothing;Yes;1137;Zara;316727555-700-2;PLAID OVERSHIRT;Regular fit overshirt. Lapel collar and long sleeves with buttoned cuffs. Front zip closure.;69.9;USD;2024-02-19T08:51:36.352963;jackets;MAN;1773
152871;End-cap;No;Clothing;Yes;1847;Zara;312571093-710-2;TEXTURED POCKET OVERSHIRT;Overshirt made of diagonal textured cotton fabric. Lapel collar and long sleeves with buttoned cuffs. Patch pockets at hip. Front button closure.;69.9;USD;2024-02-19T08:51:36.786369;jackets;MAN;1304
126806;End-cap;Yes;Clothing;Yes;2404;Zara;330290387-401-2;POCKET OVERSHIRT;Relaxed fit overshirt made of 25% wool fabric. Lapel collar and long sleeves with buttoned cuffs. Patch pocket at chest and side pockets at hip. Front button closure.;109.0;USD;2024-02-19T08:51:37.296998;jackets;MAN;729
134104;End-cap;No;Clothing;Yes;1466;Zara;313027279-800-2;OVERSHIRT;Relaxed fit overshirt made of stretch fabric. Lapel collar and long sleeves with buttoned cuffs. Chest patch pocket. Front button closure.;59.9;USD;2024-02-19T08:51:37.741280;jackets;MAN;1468
120266;Front of Store;No;Clothing;No;2328;Zara;320671529-802-2;PLAID OVERSHIRT;Cropped overshirt. Lapel collar and long sleeves with buttoned cuffs. Chest patch pocket. Irregular trim. Front button closure.;59.9;USD;2024-02-19T08:51:38.232540;jackets;MAN;1154
173550;End-cap;No;Clothing;Yes;1431;Zara;323646471-802-2;POCKET OVERSHIRT;Overshirt with lapel collar and long sleeves with buttoned cuffs. Chest patch pocket. Front button closure.;59.9;USD;2024-02-19T08:51:38.734215;jackets;MAN;1370
175927;End-cap;No;Clothing;Yes;1506;Zara;312978838-611-2;ZIPPERED WOOL BLEND OVERSHIRT;Relaxed fit overshirt made of wool blend fabric. Lapel collar and long sleeves with buttoned cuffs. Welt pockets at hip. Front zip closure.;109.0;USD;2024-02-19T08:51:39.179120;jackets;MAN;1369
154278;End-cap;No;Clothing;Yes;2749;Zara;336446858-822-2;GEOMETRIC JACQUARD OVERSHIRT;Relaxed fit overshirt made with cotton fabric. Lapel collar and long sleeves with buttoned cuffs. Welt pockets at hip. Front button closure.;89.9;USD;2024-02-19T08:51:39.644283;jackets;MAN;687
183537;Front of Store;Yes;Clothing;Yes;2434;Zara;281883711-071-2;PAINT PRINT OVERSHIRT;Relaxed fit overshirt. Lapel collar and long sleeves with snap button cuffs. Chest patch pockets. Side vents at hem. Front snap button closure.;19.99;USD;2024-02-19T08:51:40.120546;jackets;MAN;579
150424;Front of Store;No;Clothing;Yes;2067;Zara;313008692-514-2;PADDED CORDUROY OVERSHIRT;Overshirt with quilted interior. Lapel collar and long sleeves with buttoned cuffs. Flap patch pockets at chest and in-seam pockets at side hip. Front snap button closure.;79.9;USD;2024-02-19T08:51:40.636181;jackets;MAN;1080
183825;Aisle;Yes;Clothing;Yes;2989;Zara;281593208-015-2;PLAID TIE DYE OVERSHIRT;Regular fit overshirt made of cotton. Lapel collar and long sleeves with buttoned cuffs. Chest patch pockets. Front button closure.;19.99;USD;2024-02-19T08:51:41.127759;jackets;MAN;199
144012;Front of Store;Yes;Clothing;No;743;Zara;314937772-710-2;OVERSHIRT WITH CONTRASTING TOPSTITCHING;Relaxed fit overshirt made with cotton fabric. Lapel collar and long sleeves with buttoned cuffs. Chest patch pocket. Contrasting topstitching all over the garment. Front button closure.;59.9;USD;2024-02-19T08:51:41.683535;jackets;MAN;1776
147051;Front of Store;No;Clothing;No;2325;Zara;320278659-251-2;QUILTED STRUCTURED OVERSHIRT;Regular fit overshirt with quilted interior. Lapel collar and long sleeves with buttoned cuffs. Patch pockets at chest and welt pockets at hip. Front button closure.;109.0;USD;2024-02-19T08:51:42.158903;jackets;MAN;1095
185800;End-cap;No;Clothing;Yes;1841;Zara;321993245-500-2;TECHNICAL OVERSHIRT;Regular fit overshirt with lightly padded interior. Lapel collar and long sleeves with buttoned cuffs. Flap pockets at hip. Front button closure.;109.0;USD;2024-02-19T08:51:42.644399;jackets;MAN;1149
197524;Aisle;Yes;Clothing;Yes;2231;Zara;330590505-500-2;PLAID OVERSHIRT;Relaxed fit overshirt. Lapel collar and long sleeves with buttoned cuffs. Chest patch pocket. Front button closure.;49.9;USD;2024-02-19T08:51:43.194626;jackets;MAN;784
148823;Aisle;No;Clothing;Yes;2211;Zara;320680326-107-39;SUEDE FISHERMAN SANDALS;Fisherman sandals. Made of leather with a suede finish. Crossed straps at front. Buckled ankle strap closure. Slightly chunky soles.;89.9;USD;2024-02-19T09:00:28.426225;shoes;MAN;803
114550;End-cap;No;Clothing;No;2114;Zara;311292244-800-39;ZIPPER MULTIPIECE SNEAKERS;Running shoes. Upper in a combination of pieces and finishes. Front zip closure. Back pull tab for ease. Chunky soles with irregular design.;69.9;USD;2024-02-19T09:00:29.045781;shoes;MAN;1187
125398;Aisle;Yes;Clothing;Yes;1350;Zara;311307610-400-39;SUEDE LACELESS SNEAKERS;Slip on sneakers. Made of leather with a suede finish. Upper in a combination of pieces. Chunky sole.;69.9;USD;2024-02-19T09:00:30.065752;shoes;MAN;1286
123985;End-cap;No;Clothing;No;2240;Zara;311302877-203-39;MULTICOLOR SNEAKERS;Sneakers. Combination of colors and pieces at upper. Lacing with six pairs of eyelets. Chunky rubber sole with irregular design.;69.9;USD;2024-02-19T09:00:30.885861;shoes;MAN;1037
186638;End-cap;Yes;Clothing;No;1296;Zara;311302598-500-39;RETRO RUNNING SNEAKERS;Running shoes. Upper in a combination of pieces and materials. Lacing with seven pairs of eyelets. Chunky lug soles. Retro-inspired design.;59.9;USD;2024-02-19T09:00:31.417902;shoes;MAN;1532
167281;End-cap;Yes;Clothing;Yes;892;Zara;311297328-800-39;SUEDE HIGH-TOPS;High top sneakers. Upper in a combination of pieces and materials. Lacing with seven pairs of eyelets. Chunky tonal sole.;59.9;USD;2024-02-19T09:00:32.028826;shoes;MAN;1332
118578;End-cap;No;Clothing;Yes;1678;Zara;311302865-804-39;SUEDE STRAP SANDALS;Sandals. Made of leather with a suede finish. Two crossed wide straps at instep. Thick lightweight soles.;49.9;USD;2024-02-19T09:00:32.665359;shoes;MAN;1339
174041;End-cap;No;Clothing;No;2016;Zara;311307489-203-39;MULTIPIECE SNEAKERS;Sneakers. Upper in a combination of pieces and colors. Lacing with seven pairs of eyelets. Chunky sole with a combination of colors. Retro-inspired design.;49.9;USD;2024-02-19T09:00:33.381812;shoes;MAN;1395
127644;Front of Store;No;Clothing;Yes;1498;Zara;311287075-120-39;TOPSTITCH SNEAKERS;Sneakers. Pieces and topstitching at upper. Lacing with six pairs of eyelets. Contrasting slightly chunky soles.;45.9;USD;2024-02-19T09:00:34.017423;shoes;MAN;1418
132007;Aisle;No;Clothing;Yes;2491;Zara;276378605-515-39;RETRO SNEAKERS;Sneakers. Upper in a combination of pieces and materials. Lacing with seven pairs of eyelets. Quilted back piece. Chunky sole. Retro style.;9.99;USD;2024-02-19T09:00:34.990048;shoes;MAN;677
147998;Aisle;No;Clothing;No;2556;Zara;277776476-700-39;RETRO HIGH TOP SNEAKERS;High-top sneakers. Upper in a combination of pieces. Laces with ten pairs of eyelets. Chunky sole.;9.99;USD;2024-02-19T09:00:36.249339;shoes;MAN;868
176666;Aisle;Yes;Clothing;No;2852;Zara;313381662-202-39;MULTI-PIECED RETRO SNEAKERS;Sneakers. Upper in a combination of pieces and colors. Lacing with six pairs of eyelets. Textured chunky soles. Retro style.;45.9;USD;2024-02-19T09:00:37.077290;shoes;MAN;363
193686;Aisle;Yes;Clothing;No;1899;Zara;311292343-700-39;TASSEL LEATHER LOAFERS;Loafers. Made of leather. Smooth upper with ruching at toe. Decorative fringed tassels at instep. Rounded shape. Welt around upper. Chunky lug soles.;99.9;USD;2024-02-19T09:00:37.630307;shoes;MAN;1164
163610;Front of Store;Yes;Clothing;No;2466;Zara;311309627-805-39;MOC-TOE SUEDE BOOTS;Suede leather boots. Ridged seam detail at upper. Lacing with two pairs of eyelets. Welt around upper. Slightly chunky sole.;89.9;USD;2024-02-19T09:00:38.631330;shoes;MAN;798
170364;Aisle;No;Clothing;No;818;Zara;315851805-800-39;STRAP SANDALS;Sandals with two straps. The thin straps hug the instep. Slightly chunky sole.;45.9;USD;2024-02-19T09:00:39.391693;shoes;MAN;2154
167599;Aisle;No;Clothing;No;1500;Zara;311292644-400-39;SUEDE RETRO SNEAKERS;Sneakers. Made of leather. Combination of finishes and materials at upper. Lacing with seven pairs of eyelets. Chunky sole in a combination of colors. Retro-inspired design.;59.9;USD;2024-02-19T09:00:40.449320;shoes;MAN;1740
166421;End-cap;Yes;Clothing;No;2878;Zara;311302552-800-39;HIKING BOOTS;Lace-up boots. Upper in a combination of pieces and finishes. Laces with metal appliqués and seven pairs of eyelets. Welt detail around upper. Rounded shape. Chunky lug soles.;79.9;USD;2024-02-19T09:00:41.705006;shoes;MAN;514
129247;Front of Store;Yes;Clothing;No;2386;Zara;311302532-102-39;SUEDE SNEAKERS;Sneakers. Made of leather with a suede finish. Laces with five pairs of eyelets. Chunky soles.;69.9;USD;2024-02-19T09:00:42.376148;shoes;MAN;587
127314;End-cap;Yes;Clothing;Yes;2076;Zara;311287147-723-39;FAUX SHEARLING LINED SUEDE BOOTS;Ankle boots. Made of leather with a suede finish. Faux shearling interior and side detail. Rounded shape. Welt around upper. Back pull tab. Chunky lug soles.;99.9;USD;2024-02-19T09:00:43.146819;shoes;MAN;694
111979;Front of Store;No;Clothing;No;2734;Zara;311307332-202-39;CHUNKY SNEAKERS;Sneakers. Upper in a combination of pieces and textures. Shoelaces with six pairs of eyelets at different heights. Chunky irregular design soles. Retro-inspired design.;59.9;USD;2024-02-19T09:00:43.580910;shoes;MAN;711
120354;Aisle;Yes;Clothing;No;2836;Zara;311282293-131-39;DOUBLE STRAP SUEDE SANDALS;Sandals. Made of leather with a suede finish. Two wide straps at instep with buckles. Insole with anatomical shaped footbed. Welt around upper. Chunky lug soles.;59.9;USD;2024-02-19T09:00:44.494819;shoes;MAN;448
144848;Front of Store;No;Clothing;No;2193;Zara;311287149-800-39;CHUNKY SOLE CANVAS LACE-UP BOOTS;High shaft boots. Lacing with eight pairs of eyelets. Back pull tab for ease. Rounded shape. Chunky lug soles.;89.9;USD;2024-02-19T09:00:45.935135;shoes;MAN;1107
111957;Aisle;Yes;Clothing;No;2164;Zara;311307624-500-39;SUEDE PENNY LOAFERS;Loafers. Made of leather with a suede finish. Ornamental saddle detail at instep. Rounded shape. Contrasting colored sole.;89.9;USD;2024-02-19T09:00:46.629270;shoes;MAN;749
160763;Front of Store;Yes;Clothing;Yes;991;Zara;311282212-800-39;ADHERENT STRIPES SNEAKERS;Sneakers. Monochromatic. Upper in a combination of pieces. Closure with three adhesive straps. Slightly chunky sole.;45.9;USD;2024-02-19T09:00:47.161331;shoes;MAN;1347
168270;End-cap;Yes;Clothing;Yes;1525;Zara;311292281-203-39;MULTIPIECE SNEAKERS;Running shoes. Upper in a combination of pieces and finishes. Lacing with six pairs of eyelets. Chunky soles with irregular design. Lug soles. Trek style.;69.9;USD;2024-02-19T09:00:47.683414;shoes;MAN;1225
195082;Front of Store;No;Clothing;No;923;Zara;311302515-800-39;CHUNKY SOLE HIGH TOP SNEAKERS;High top sneakers. Lacing with nine pairs of eyelets. Contrasting foxing around the upper. Chunky rubberized soles.;69.9;USD;2024-02-19T09:00:48.234772;shoes;MAN;2105
110329;Front of Store;No;Clothing;Yes;2397;Zara;314937773-800-39;CONTRAST SOLE LEATHER SNEAKERS;Sneakers. Made of leather. Upper in a combination of pieces and finishes. Lacing with six pairs of eyelets. Rounded shape. Chunky sole.;69.9;USD;2024-02-19T09:00:48.858592;shoes;MAN;710
147449;End-cap;No;Clothing;No;1191;Zara;316608794-802-39;SUEDE RUNNING SNEAKERS;Running shoes. Made of suede leather. Upper in a combination of materials and colors. Lacing with six pairs of eyelets. Chunky soles with irregular design.;69.9;USD;2024-02-19T09:00:49.398791;shoes;MAN;2085
193332;Aisle;Yes;Clothing;No;1237;Zara;319205037-800-39;WOVEN LEATHER SLIDES;Sandals. Made of leather. Three woven wide straps at instep. Chunky sole.;49.9;USD;2024-02-19T09:00:49.884546;shoes;MAN;1346
146804;Aisle;Yes;Clothing;No;1504;Zara;311307495-131-39;SUEDE SNEAKERS;Sneakers. Made of leather with a suede finish. Contrast lacing with seven pairs of eyelets. Welt around upper. Chunky sole.;69.9;USD;2024-02-19T09:00:51.510009;shoes;MAN;1412
188909;Aisle;Yes;Clothing;Yes;2863;Zara;336449731-712-1;ASYMMETRIC CROPPED KNIT SWEATER;Woven V-neckline long sleeve sweater. Asymmetric hem.;39.9;USD;2024-02-19T09:10:31.877971;sweaters;WOMAN;274
165910;End-cap;Yes;Clothing;No;2760;Zara;313890651-712-2;KNIT SWEATER WITH PEARLS;Sweater made with 22% wool and 10% alpaca. Round neck and long sleeves. Faux pearl appliqué.;69.9;USD;2024-02-19T09:10:32.534246;sweaters;WOMAN;405
136738;Front of Store;No;Clothing;Yes;542;Zara;287414911-803-2;HIGH COLLAR KNIT SWEATER;Sweater with high collar and long sleeves. Front pocket. Side vents at hem. Rib trim.;7.99;USD;2024-02-19T09:10:33.128884;sweaters;WOMAN;2251
144497;End-cap;Yes;Clothing;Yes;1105;Zara;342171615-104-2;STRIPED KNIT SWEATER;Sweater with high collar and long sleeves. Front zip closure.;49.9;USD;2024-02-19T09:10:33.890995;sweaters;WOMAN;1444
135036;End-cap;Yes;Clothing;No;1435;Zara;314152967-485-2;CABLE KNIT METALLIC SWEATER;Round neck long sleeve sweater. Metallic fabric detail and frayed trim.;49.9;USD;2024-02-19T09:10:34.521463;sweaters;WOMAN;1269
166331;Aisle;Yes;Clothing;Yes;2877;Zara;324186867-642-2;ASYMMETRICAL WOOL AND SILK BLEND SWEATER;Wool and silk blend sweater. Asymmetric neckline and long sleeves.;59.9;USD;2024-02-19T09:10:35.068338;sweaters;WOMAN;337
139789;Aisle;No;Clothing;Yes;1094;Zara;316900618-809-2;WOOL AND CASHMERE BLEND RIB SWEATER;Sweater made with 80% wool and 20% cashmere. Round neck and long sleeves.;69.9;USD;2024-02-19T09:10:35.641404;sweaters;WOMAN;1879
118569;Aisle;No;Clothing;Yes;994;Zara;313890645-330-2;ALPACA AND WOOL BLEND TIE DYE KNIT SWEATER;Sweater made with 31% wool and 28% alpaca. Round neck and long sleeves.;49.9;USD;2024-02-19T09:10:36.152051;sweaters;WOMAN;1897
155848;End-cap;Yes;Clothing;No;1942;Zara;324597432-800-2;MOCK NECK WOOL AND SILK BLEND KNIT TOP;Wool and silk blend top. High collar and long sleeves.;49.9;USD;2024-02-19T09:10:36.839166;sweaters;WOMAN;969
152563;Front of Store;No;Clothing;Yes;2572;Zara;313890686-731-2;CASHMERE BLEND KNIT SWEATER;Sweater made with 95% cashmere. V-neck and long sleeves. Rib trim.;169.0;USD;2024-02-19T09:10:37.484871;sweaters;WOMAN;817
115153;Aisle;No;Clothing;No;1736;Zara;313890650-712-2;ALPACA BLEND OPEN KNIT SWEATER;Sweater made with 63% alpaca. Round neck and long sleeves.;79.9;USD;2024-02-19T09:10:38.362632;sweaters;WOMAN;1476
125938;Aisle;Yes;Clothing;Yes;1204;Zara;313890680-450-2;OVERSIZED KNIT SWEATER;Sweater made with 20% wool and 17% alpaca. Crew neck and long sleeves. Tonal rib trim.;49.9;USD;2024-02-19T09:10:38.884024;sweaters;WOMAN;1268
122809;End-cap;No;Clothing;Yes;1592;Zara;344575855-982-2;WOOL BLEND KNIT SWEATER;Sweater made with 31% wool. Round neck and long sleeves. Rib trim.;49.9;USD;2024-02-19T09:10:39.415761;sweaters;WOMAN;1453
181502;Front of Store;Yes;Clothing;No;2591;Zara;323175653-803-2;SOFT JEWEL SWEATER;Sweater made of soft touch fabric. Round neckline with jewel appliqués and long sleeves.;39.9;USD;2024-02-19T09:10:39.911179;sweaters;WOMAN;638
182779;End-cap;Yes;Clothing;Yes;2097;Zara;324814227-400-2;FAUX FUR JEWEL SWEATER;Round neck short sleeve sweater. Soft feel faux fur fabric. Jewel appliqués.;35.9;USD;2024-02-19T09:10:40.681401;sweaters;WOMAN;849
155674;Front of Store;No;Clothing;No;897;Zara;323218942-800-2;METAL BEAD KNIT SWEATER;Round neck long sleeve sweater. Side slit at hem with metal bead appliqués.;49.9;USD;2024-02-19T09:10:41.519426;sweaters;WOMAN;2351
182866;Aisle;No;Clothing;Yes;1552;Zara;313890656-800-2;KNIT SWEATER WITH BUTTONS;Basic sweater with round neck and long sleeves. Side button details at shoulders.;39.9;USD;2024-02-19T09:10:42.016223;sweaters;WOMAN;1509
148230;Front of Store;Yes;Clothing;No;2494;Zara;321480271-802-2;JEWEL KNIT SWEATER;Round neck sweater with jewel appliqués and long sleeves. Back opening with button closure.;59.9;USD;2024-02-19T09:10:42.593244;sweaters;WOMAN;571
126979;Front of Store;No;Clothing;No;2141;Zara;311297787-806-1;KNIT SWEATER WITH PIPING;Round neck long sleeve sweater. Contrasting piping detail. Rib trim.;49.9;USD;2024-02-19T09:10:43.379668;sweaters;WOMAN;1156
135521;End-cap;No;Clothing;Yes;2835;Zara;322677494-446-1;FINE KNIT CROP SWEATER;Cropped fine knit sweater with round neck and long sleeves.;39.9;USD;2024-02-19T09:10:43.883037;sweaters;WOMAN;466
185809;End-cap;No;Clothing;No;622;Zara;313890688-330-1;KNIT SWEATER WITH RIPS;Round neck long sleeve sweater. Openwork detail with rips.;49.9;USD;2024-02-19T09:10:44.463883;sweaters;WOMAN;2353
171520;End-cap;Yes;Clothing;Yes;2901;Zara;322451460-800-1;GATHERED WAIST KNIT SWEATER;Round neck long sleeve sweater. Fitted waist with side ruching.;47.9;USD;2024-02-19T09:10:45.009106;sweaters;WOMAN;363
122926;End-cap;No;Clothing;No;867;Zara;319465261-800-2;KNIT V-NECK SWEATER;V-neck sweater with long sleeves. Rib trim.;45.9;USD;2024-02-19T09:10:45.631804;sweaters;WOMAN;2123
150953;Front of Store;Yes;Clothing;Yes;2434;Zara;317331009-312-2;BASIC FOIL KNIT SWEATER;Round neck long sleeve sweater. Rib trim.;35.9;USD;2024-02-19T09:10:46.121269;sweaters;WOMAN;726
115873;End-cap;Yes;Clothing;Yes;2606;Zara;311297400-803-1;CONTRAST TOPSTITCHING CROP KNIT SWEATER;V-neck cropped sweater with long sleeves. Front patch pockets. Contrast topstitching.;59.9;USD;2024-02-19T09:10:46.622912;sweaters;WOMAN;466
115581;Aisle;No;Clothing;Yes;2728;Zara;336449779-104-1;STRIPED CROP KNIT SWEATER;Long sleeve high collar cropped sweater. Frayed hem.;47.9;USD;2024-02-19T09:10:47.341785;sweaters;WOMAN;540
183634;Front of Store;Yes;Clothing;Yes;2778;Zara;324593343-043-2;BASIC KNIT SWEATER;Long sleeve round neck sweater. Side vents at hem. Rib trim.;27.9;USD;2024-02-19T09:10:48.087091;sweaters;WOMAN;259
122484;Aisle;Yes;Clothing;Yes;558;Zara;319473750-809-1;V-NECK KNIT SWEATER;V-neck sweater with long sleeves. Side vents at hem.;47.9;USD;2024-02-19T09:10:48.719383;sweaters;WOMAN;1495
183574;Aisle;Yes;Clothing;Yes;1752;Zara;331789902-808-1;FOIL KNIT CROP SWEATER;Ribbed sweater with round neck and long sleeves. Ripped hem.;47.9;USD;2024-02-19T09:10:49.285266;sweaters;WOMAN;842
185307;Front of Store;No;Clothing;Yes;2743;Zara;300250126-401-2;BASIC 100% WOOL SWEATER;Sweater made of 100% wool. Round neck and long sleeves. Ribbed trim.;7.99;USD;2024-02-19T09:10:49.913569;sweaters;WOMAN;534
118719;End-cap;No;Clothing;Yes;1669;Zara;320052978-401-2;COLORBLOCK KNIT CROP SWEATER;Short sweater with round neck and long sleeves.;45.9;USD;2024-02-19T09:10:50.612150;sweaters;WOMAN;1227
134788;Front of Store;No;Clothing;No;2179;Zara;324722597-400-2;FINE KNIT SWEATER;V-neck sweater with long sleeves.;45.9;USD;2024-02-19T09:10:51.189028;sweaters;WOMAN;1013
140142;Front of Store;Yes;Clothing;No;606;Zara;328207551-500-2;KNIT OPEN BACK PEARLY SWEATER;High collar sweater with long sleeves. Open back detail and pearl appliqués. Back button closure.;49.9;USD;2024-02-19T09:10:51.785857;sweaters;WOMAN;1882
153997;End-cap;No;Clothing;Yes;1608;Zara;318131967-800-2;KNIT PEARL SWEATER;Round neck long sleeve sweater. Tonal pearl appliqués and open back with tie.;45.9;USD;2024-02-19T09:10:52.485772;sweaters;WOMAN;1274
123230;Aisle;No;Clothing;Yes;880;Zara;324027512-064-2;STRIPED TEXTURED OVERSHIRT;Relaxed fit overshirt. Lapel collar and long sleeves with buttoned cuffs. Patch pockets at hip. Front button closure.;69.9;USD;2024-02-19T08:51:28.667099;jackets;MAN;2027
154676;Aisle;No;Clothing;No;943;Zara;311292623-712-97;FLEECE OVERSHIRT;Regular fit overshirt. Lapel collar and long sleeves with buttoned cuffs. Chest patch pockets. Front button closure.;69.9;USD;2024-02-19T08:51:29.090402;jackets;MAN;2169
152985;Aisle;Yes;Clothing;Yes;1049;Zara;319162032-064-2;PLAID OVERSHIRT;Relaxed fit overshirt. Lapel collar and long sleeves with buttoned cuffs. Chest patch pockets. Front button closure.;89.9;USD;2024-02-19T08:51:29.625821;jackets;MAN;1335
175584;Front of Store;No;Clothing;No;2084;Zara;324908098-800-38;BAGGY FIT JEANS LIMITED EDITION;Baggy jeans. Five pockets. Washed effect. Front zip and button closure.;69.9;USD;2024-02-19T08:54:37.718200;jeans;MAN;1326
147491;End-cap;No;Clothing;No;1563;Zara;326540983-802-36;BAGGY BELTED JEANS;Baggy jeans. Self belt at waist. Front pockets and back patch pockets. Washed effect. Front button closure.;59.9;USD;2024-02-19T08:54:38.277368;jeans;MAN;1630
198283;End-cap;Yes;Clothing;Yes;1558;Zara;315836999-406-34;BAGGY FIT JEANS;Baggy fit jeans. Five pockets. Washed effect. Front zip and button closure.;69.9;USD;2024-02-19T08:54:39.017964;jeans;MAN;1193
141547;End-cap;No;Clothing;No;1426;Zara;315738965-802-34;BAGGY FIT JEANS;Baggy fit jeans. Five pockets. Washed effect. Front zip and button closure.;69.9;USD;2024-02-19T08:54:39.496146;jeans;MAN;1704
156342;Front of Store;Yes;Clothing;Yes;1466;Zara;311287318-400-38;FLARED FIT CARGO JEANS;Flared jeans. Patch pockets with flaps at hip. Patch pocket appliqués at legs. Washed effect. Adjustable hem with zippers. Front zipper and crossover button closure.;109.0;USD;2024-02-19T08:54:39.950692;jeans;MAN;1258
186083;End-cap;No;Clothing;Yes;624;Zara;312393140-406-2;PLEATED WIDE FIT JEANS;Wide fit jeans. Adjustable interior elastic waistband with front pleats. Front pockets and back patch pockets. Washed effect. Front zip and button closure.;49.9;USD;2024-02-19T08:54:40.548942;jeans;MAN;2243
171776;Aisle;Yes;Clothing;No;1685;Zara;275600408-400-2;DENIM SHIRT;Relaxed fit shirt made of denim fabric. Lapel collar and short sleeves. Chest patch pocket. Washed effect. Front button closure.;12.99;USD;2024-02-19T08:54:41.113222;jeans;MAN;1267
134429;Aisle;No;Clothing;No;2914;Zara;311303003-407-38;RIPPED STRAIGHT FIT JEANS;Straight fit jeans. Five pockets. Washed effect with rips at legs. Front button closure.;69.9;USD;2024-02-19T08:54:41.651379;jeans;MAN;497
172816;Aisle;No;Clothing;Yes;1524;Zara;311307250-710-3;TEXTURED SWEATER;Sweater made of 30% wool thread. Round neck and long sleeves. Rib trim.;69.9;USD;2024-02-19T08:54:44.291927;sweaters;MAN;1540
136272;End-cap;No;Clothing;Yes;2887;Zara;267195405-500-3;PURL KNIT SWEATER;High collar sweater with front zipper. Long sleeves. Rib trim.;12.99;USD;2024-02-19T08:54:45.320958;sweaters;MAN;522
193227;End-cap;Yes;Clothing;Yes;1778;Zara;317894313-707-3;BRAIDED COLOR BLOCK SWEATER;Round neck long sleeve full cut sweater. Rib trim.;69.9;USD;2024-02-19T08:54:45.927706;sweaters;MAN;895
165786;End-cap;No;Clothing;Yes;1278;Zara;315075917-803-2;CONTRAST INTERIOR SWEATER;Cotton blend sweater. Round neck and long sleeves. Contrast interior. Rib trim.;59.9;USD;2024-02-19T08:54:46.542710;sweaters;MAN;1524
174708;Front of Store;No;Clothing;Yes;529;Zara;317889153-700-3;ABSTRACT JACQUARD SWEATER;Full cut cotton knit sweater. Round neck and long sleeves. Rib trim.;59.9;USD;2024-02-19T08:54:47.065078;sweaters;MAN;2066
142257;Aisle;Yes;Clothing;Yes;1180;Zara;315241755-800-2;BASIC SLIM FIT T-SHIRT;Slim fit shirt. Round neck and short sleeves.;19.9;USD;2024-02-19T08:56:26.127459;t-shirts;MAN;1342
126146;Aisle;No;Clothing;No;2759;Zara;320326523-707-2;CROPPED WASHED T-SHIRT;Cropped fit T-shirt with round neck and short sleeves. Contrasting front and back prints. Washed effect.;39.9;USD;2024-02-19T08:56:26.653517;t-shirts;MAN;685
129134;Aisle;No;Clothing;Yes;1831;Zara;316715458-250-2;BASIC HEAVYWEIGHT T-SHIRT;Roomy T-shirt made of dense cotton. Round neck and short sleeves.;29.9;USD;2024-02-19T08:56:27.459508;t-shirts;MAN;1292
129898;End-cap;No;Clothing;No;1866;Zara;322677489-800-2;HEART PRINT T-SHIRT;Boxy fit T-shirt with round neck and short sleeves. Contrasting prints at shoulder and back.;39.9;USD;2024-02-19T08:56:27.954174;t-shirts;MAN;1473
189692;End-cap;Yes;Clothing;No;1553;Zara;330077856-251-2;TEXT T-SHIRT;Boxy fit T-shirt. Round neck and short sleeves. Velvet effect print with contrast text.;39.9;USD;2024-02-19T08:56:28.447616;t-shirts;MAN;1348
154846;End-cap;Yes;Clothing;No;917;Zara;328232452-898-2;PRINTED CROPPED FIT SHIRT LIMITED EDITION;Cropped shirt. Round neckline. Contrasting front print. Washed effect. Irregular trim.;39.9;USD;2024-02-19T08:56:28.979960;t-shirts;MAN;1542
122307;End-cap;No;Clothing;No;702;Zara;317230892-251-3;RIBBED KNIT T-SHIRT;Cotton knit tank top. Round neck with front button closure. Rib trim.;49.9;USD;2024-02-19T08:56:29.503270;t-shirts;MAN;2303
182099;Aisle;Yes;Clothing;No;1978;Zara;330478123-712-2;OVERSIZE FIT T-SHIRT;Oversized T-shirt. Round neck and short sleeves.;39.9;USD;2024-02-19T08:56:30.052250;t-shirts;MAN;869
159816;Front of Store;No;Clothing;Yes;1961;Zara;318255748-250-2;BASIC MEDIUM WEIGHT T-SHIRT;Regular fit T-shirt. Round neck and short sleeves.;27.9;USD;2024-02-19T08:56:30.594950;t-shirts;MAN;1189
165326;Aisle;No;Clothing;No;1188;Zara;319334069-712-2;STRUCTURED TEXT T-SHIRT;Full cut T-shirt made of mesh textured fabric. Contrast rib V-neckline and short sleeves. Front contrast printed text.;45.9;USD;2024-02-19T08:56:31.128680;t-shirts;MAN;2013
185154;Aisle;Yes;Clothing;No;996;Zara;311307261-712-2;ABSTRACT PRINT T-SHIRT;Full cut T-shirt with crew neck and short sleeves. Contrasting front and back prints. Washed effect.;39.9;USD;2024-02-19T08:56:31.723585;t-shirts;MAN;1519
141330;Aisle;No;Clothing;Yes;1915;Zara;323216369-922-2;RAISED TEXT T-SHIRT LIMITED EDITION;Full cut T-shirt with round neck and short sleeves. Front tonal raised text. Washed effect.;39.9;USD;2024-02-19T08:56:32.570492;t-shirts;MAN;1143
158958;End-cap;No;Clothing;No;903;Zara;320111404-428-2;RIBBED KNIT T-SHIRT;Cropped fit knit shirt. Round neck and long sleeves. Washed effect.;45.9;USD;2024-02-19T08:56:33.167445;t-shirts;MAN;2180
155010;Aisle;Yes;Clothing;Yes;729;Zara;328232445-800-2;SEMI-SHEER KNIT SHIRT LIMITED EDITION;Slim fit shirt made of wrinkle effect fabric. Round neck and long sleeves.;45.9;USD;2024-02-19T08:56:33.715892;t-shirts;MAN;1464
135857;Aisle;No;Clothing;Yes;2045;Zara;311297550-251-2;VISCOSE BLEND KNIT T-SHIRT;Knit shirt in viscose blend fabric. Mock neck and short sleeves. Rib trim.;45.9;USD;2024-02-19T08:56:34.269203;t-shirts;MAN;1195
147690;Aisle;Yes;Clothing;No;881;Zara;322909502-819-2;STRIPED JACQUARD T-SHIRT;Relaxed fit T-shirt with round neck and short sleeves.;39.9;USD;2024-02-19T08:56:34.766636;t-shirts;MAN;1767
130321;End-cap;Yes;Clothing;No;2093;Zara;320071210-802-2;ABSTRACT PRINT KNIT T-SHIRT;Cotton knit T-shirt. Round neck and short sleeves.;39.9;USD;2024-02-19T08:56:35.255056;t-shirts;MAN;836
196752;End-cap;No;Clothing;No;2227;Zara;319334070-401-2;STRUCTURED TEXT T-SHIRT;Full cut T-shirt made of mesh textured fabric. Contrast rib V-neckline and short sleeves. Front contrast printed text.;45.9;USD;2024-02-19T08:56:35.985294;t-shirts;MAN;1173
181011;Aisle;Yes;Clothing;Yes;994;Zara;322612356-505-2;HERRINGBONE TEXTURED JACKET;RETRO SNEAKERS;89.9;USD;2024-02-19T09:10:31.877971;shoes;MAN;1316
139967;End-cap;No;Clothing;No;2634;Zara;311282631-712-2;OVERSIZED CROPPED JACKET LIMITED EDITION;V-neck sweater with long sleeves. Rib trim.;69.9;USD;2024-02-19T09:10:32.534246;t-shirts;MAN;753
162699;End-cap;No;Clothing;Yes;2732;Zara;329282612-401-2;LEATHER BIKER JACKET;Round neck long sleeve sweater. Metallic fabric detail and frayed trim.;89.9;USD;2024-02-19T09:10:33.128884;sweaters;MAN;661
119044;Aisle;No;Clothing;Yes;1140;Zara;320026789-714-2;CROPPED LEATHER JACKET;Relaxed fit overshirt made of 25% wool fabric. Lapel collar and long sleeves with buttoned cuffs. Patch pocket at chest and side pockets at hip. Front button closure.;169.0;USD;2024-02-19T09:10:33.890995;sweaters;MAN;1703
121348;End-cap;No;Clothing;Yes;1008;Zara;323216360-406-2;FAUX LEATHER BOXY FIT JACKET;Relaxed fit overshirt made of stretch fabric. Lapel collar and long sleeves with buttoned cuffs. Chest patch pocket. Front button closure.;169.0;USD;2024-02-19T09:10:34.521463;t-shirts;MAN;1709
163982;Front of Store;No;Clothing;No;2685;Zara;318209963-800-2;FAUX LEATHER JACKET;Cropped overshirt. Lapel collar and long sleeves with buttoned cuffs. Chest patch pocket. Irregular trim. Front button closure.;69.9;USD;2024-02-19T09:10:35.068338;t-shirts;MAN;793
185774;End-cap;Yes;Clothing;Yes;1145;Zara;316727555-700-2;FAUX SUEDE BOMBER JACKET;Overshirt with lapel collar and long sleeves with buttoned cuffs. Chest patch pocket. Front button closure.;19.99;USD;2024-02-19T09:10:35.641404;t-shirts;MAN;1422
144651;Aisle;Yes;Clothing;No;1791;Zara;312571093-710-2;DENIM BOMBER JACKET;Relaxed fit overshirt made of wool blend fabric. Lapel collar and long sleeves with buttoned cuffs. Welt pockets at hip. Front zip closure.;139.0;USD;2024-02-19T09:10:36.152051;t-shirts;MAN;1007
195103;Aisle;Yes;Clothing;No;2849;Zara;330290387-401-2;BOUCLÉ TEXTURED JACKET;Varsity jacket with elastic collar and long sleeves. Welt pockets at hip and interior pocket. Embroidered appliqué and contrast front and back patches. Rib trim. Front snap button closure.;109.0;USD;2024-02-19T09:10:36.839166;t-shirts;MAN;308
123047;Aisle;No;Clothing;Yes;2985;Zara;313027279-800-2;SUIT JACKET IN 100% LINEN;Quilted jacket made of technical fabric. Lapel collar and long sleeves. Welt pockets at hip. Rib trim. Front zip closure.;109.0;USD;2024-02-19T09:10:37.484871;t-shirts;MAN;518
123077;Front of Store;No;Clothing;No;1603;Zara;320671529-802-2;JACQUARD DENIM JACKET;Jacket made of technical fabric with padded interior. Lapel collar and long sleeves with elastic cuffs. Welt pockets at hip and interior pocket. Adjustable drawstring hem. Front snap button closure.;109.0;USD;2024-02-19T09:10:38.362632;t-shirts;MAN;1494
171860;Aisle;Yes;Clothing;No;707;Zara;323646471-802-2;PADDED DENIM JACKET;Slightly cropped denim jacket. Lapel collar and long sleeves with buttoned cuffs. Flap patch pocket at chest and side hip. Washed effect. Front button closure.;109.0;USD;2024-02-19T09:10:38.884024;t-shirts;MAN;1696
149487;Aisle;No;Clothing;Yes;1258;Zara;312978838-611-2;LEATHER JACKET;Boxy fit jacket. Lapel collar and long sleeves with buttoned cuffs. Patch pockets at hip. Washed effect.Asymmetric hem with side vents. Front button closure.;99.9;USD;2024-02-19T09:10:39.415761;t-shirts;MAN;1611
168516;Front of Store;Yes;Clothing;No;2168;Zara;336446858-822-2;LIGHTWEIGHT BOMBER JACKET;Jacket made of faux shearling fabric. V-neckline and long sleeves with elastic cuffs. Lined interior with structured mesh fabric. Welt pockets at hip. Adjustable hem with side elastics. Front snap button closure.;89.9;USD;2024-02-19T09:10:39.911179;t-shirts;MAN;802
177771;End-cap;Yes;Clothing;Yes;1764;Zara;281883711-071-2;SUIT JACKET;Jacket with lightly padded interior. Corduroy lapel collar. Long sleeves. Patch pockets at hip. Front button closure.;69.9;USD;2024-02-19T09:10:40.681401;t-shirts;MAN;1014
172015;End-cap;Yes;Clothing;Yes;2622;Zara;313008692-514-2;FAUX LEATHER BOMBER JACKET;Cropped overshirt. Lapel collar and long sleeves with buttoned cuffs. Front patch pockets. Irregular finished seams. Front button closure.;139.0;USD;2024-02-19T09:10:41.519426;t-shirts;MAN;589
118985;Aisle;No;Clothing;Yes;694;Zara;281593208-015-2;PATCH BOMBER JACKET;Vest made of viscose and wool blend fabric. V-neckline. Patch pockets at hip. Front zip closure.;139.0;USD;2024-02-19T09:10:42.016223;t-shirts;MAN;2144
112194;Aisle;Yes;Clothing;Yes;2187;Zara;314937772-710-2;STRETCH POCKET OVERSHIRT;Varsity jacket made of faux suede fabric. Double welt pockets at hip and interior pocket. Front and back contrasting patch appliqués and embroidery. Rib trim. Front snap button closure.;109.0;USD;2024-02-19T09:10:42.593244;jackets;MAN;685
113435;Aisle;No;Clothing;Yes;2973;Zara;320278659-251-2;RIB COLLAR JACKET;Overshirt made of stretchy fabric. Lapel collar and long sleeves with snap buttoned cuffs. Chest patch pockets. Front snap button closure.;129.0;USD;2024-02-19T09:10:43.379668;jackets;MAN;456
159182;Front of Store;Yes;Clothing;No;1014;Zara;321993245-500-2;FAUX LEATHER OVERSIZED JACKET LIMITED EDITION;Jacket made of technical fabric with padded interior. Tonal elastic rib high collar. Long sleeves. Welt pockets at hip and interior pocket. Interior elastic finish. Front zip closure.;169.0;USD;2024-02-19T09:10:43.883037;jackets;MAN;1483
199233;Aisle;Yes;Clothing;No;2222;Zara;330590505-500-2;CONTRASTING PATCHES BOMBER JACKET;Oversized jacket. Notched lapel collar and long sleeves. Flap pockets at hip and interior pocket. Front button closure.;159.0;USD;2024-02-19T09:10:44.463883;jackets;MAN;767
137044;Aisle;No;Clothing;Yes;2534;Zara;320680326-107-39;PATCH BOMBER JACKET;Varsity jacket with elastic collar and long sleeves. Welt pockets at hip and interior pocket. Embroidered appliqué and contrast front and back patches. Rib trim. Front snap button closure.;12.99;USD;2024-02-19T09:10:45.009106;jackets;MAN;763
154736;Front of Store;Yes;Clothing;Yes;1466;Zara;311292244-800-39;CROPPED BOMBER JACKET LIMITED EDITION;Varsity jacket with padded interior. Rib elastic collar and long sleeves in contrast faux leather. Double welt pockets at hip and interior pocket. Contrasting patch appliqués at front and back. Rib trim. Front snap button closure.;19.9;USD;2024-02-19T09:10:45.631804;jackets;MAN;967
141434;Front of Store;No;Clothing;Yes;2870;Zara;311307610-400-39;FAUX LEATHER PUFFER JACKET;Jacket with lightly padded interior. Rib collar and long sleeves. Flap pockets at waist. Rib trim. Front asymmetric zip closure.;39.9;USD;2024-02-19T09:10:31.877972;jackets;MAN;525
